PSDate,C7F7_Elution_BatchNbr,CuIMAC_Wash_BatchNbr,DrugSubstance_Calcium,DrugSubstance_Copper,DrugSubstance_DNA,DrugSubstance_Glycine,DrugSubstance_HCP,DrugSubstance_Histidine,DrugSubstance_MicrobialLoad,DrugSubstance_MouseIgG,DrugSubstance_Oligo_AsialylN_glycans,DrugSubstance_Oligo_di_sialylN_glycans,DrugSubstance_OligomapSialyationRatio,DrugSubstance_Oligo_mono_sialylN_glycans,DrugSubstance_Oligo_tetra_sialylN_glycans,DrugSubstance_Oligo_tri_sialylN_glycans,DrugSubstance_Osmolality,DrugSubstance_OverallRecovery,DrugSubstance_pH,DrugSubstance_Polysorbate80,DrugSubstance_Potency,DrugSubstance_Purity,DrugSubstance_SECFluorescenceReg1,DrugSubstance_SECFluorescenceReg2,DrugSubstance_SECFluorescenceReg3,DrugSubstance_SECFluorescenceReg4,DrugSubstance_Sodium,DrugSubstance_SpecificActivity,DrugSubstance_Sucrose,DrugSubstance_ThrombinPepPeak2Area_,DrugSubstance_ThrombinPeptideMap_Peak2Area,DrugSubstance_TotalProtein,Load_LoadDensity,ParameterSetDate,Purif_BatchNbr
1/17/2013 0:00,270L054,270L11H,2.9,0.1,1,21.5,0.45,20,0,2,13.7,32.7,,11.9,11,30.7,397,79.45438997,6.8,83,1910,93.8,1,79.9,16.6,3.4,,5825,1,44.6,0.855,,2167.769886,1/17/2013 0:00,270L275
2/8/2013 0:00,270L3W6,270L43R,2.7,0.1,1,22.5,0.42,20.4,0,2,14.6,29.2,,13,11.5,31.7,400,74.55901466,6.7,83,1590,95,1,72.6,23.7,3.7,,5542,1.1,46,0.842,,2045.142045,2/8/2013 0:00,270L44J
4/13/2013 0:00,270L6NT,270L8HW,2.8,0.1,1,22.8,0.458,20.7,0,2,13.4,28.2,,9,13.8,35.7,398,0,6.7,75,1640,94.2,1,73.8,21.7,4.4,,6001,1.1,46.6,0.859,,2211.71875,4/13/2013 0:00,270LCX3
5/2/2013 0:00,270L8KH,270L8K2,2.7,0.1,1,21.7,0.473,19.5,0,2,13.9,27.9,,9.6,13.8,34.7,395,0,6.7,77,1780,95.1,1,70.6,25.4,3.9,,6454,1.2,47.3,0.852,,2028.196023,5/2/2013 0:00,270LJ81
5/9/2013 0:00,270L8KH,270L8K2,2.8,0.1,1,21.2,0.587,19.8,0,2,15.4,30.3,,16.9,9.7,27.7,386,0,6.8,76,1920,95.6,1,74.2,21.5,4.1,,6312,1.2,46.2,0.842,,2214.076705,5/9/2013 0:00,270LK27
7/4/2013 0:00,270LJ7H,270LCT0,3,0.1,1,22,0.382,20.1,0,2,13.4,32.2,,9.9,12.2,32.4,402,75.7102517,6.7,84,1400,92.7,1,77.4,17.7,4.8,,5804,1.14,45.9,0.857,241.2,1640.625,7/4/2013 0:00,270LP3L
7/17/2013 0:00,270LJ7H,270LJCT,2.9,0.1,1,20.9,0.524,19.2,0,2,13.3,30.7,,9.9,11.8,34.3,397,74.5059132,6.7,71,1460,93.4,1,73.5,21.1,5,,6237,1.12,45.8,0.861,,1885.653409,7/17/2013 0:00,270LP3H
7/24/2013 0:00,270LT3J,270LJCT,3,0.2,1,21.8,0.532,19.8,0,2,13.6,30.8,,12,10.1,33.5,395,75.64415488,6.8,77,1290,93.6,1,75.3,20.1,4.3,,5866,1.08,45.4,0.862,219.9,1791.761364,7/24/2013 0:00,270LP3J
8/2/2013 0:00,270LT3J,270LWKG,3.1,0.1,1,20.7,0.495,18.9,0,2,13.9,30.2,,12.5,10.1,33.4,399,70.50034196,6.8,70,1660,93.4,1,76.4,17.4,5.9,,6380,1.13,45.7,0.873,260.2,1968.068182,8/2/2013 0:00,270LP3C
8/14/2013 0:00,270N22K,270LWKG,2.8,0.1,1,21.7,0.531,19.9,0,2,13.9,30.5,,13.1,10.1,32.5,399,90.20308924,6.7,81,1700,95.2,1,73.2,22.1,4.6,,6811,1.16,46.6,0.836,249.6,1855.326705,8/14/2013 0:00,270LP38
8/23/2013 0:00,270N2GR,270LX23,2.8,0.1,1,21.1,0.668,19.1,0,2,13.9,31.1,,15.3,9.9,29.8,400,71.83223105,6.7,75,1610,95.6,1,75.7,19,5.1,,5517,1.2,47.4,0.823,291.8,2071.18608,8/23/2013 0:00,270LP3G
8/28/2013 0:00,270N2GR,270LX23,2.8,0.1,1,21.1,0.665,19.2,0,2,12.5,28.3,,12.3,11.3,35.6,398,73.85730212,6.7,80,1580,94.6,1,77.9,17.2,4.7,,5523,1,45.8,0.857,286.1,2169.850852,8/28/2013 0:00,270LP3N
9/25/2013 0:00,270N2KV,270N307,2.9,0.1,1,21.8,0.691,20.1,0,2,13.3,31.1,,15,10.5,30.1,403,81.34269024,6.8,79,1620,94.3,1,74.6,20.3,5,,5580,1.2,47,0.829,,2089.6875,9/25/2013 0:00,270LP3P
10/2/2013 0:00,270N22L,270N307,2.8,0.1,1,22.4,0.733,20.6,0,2,13.1,30.6,,14.3,10,32.1,424,72.67280977,6.8,88,1600,93.5,1,76.8,18.4,4.5,,5316,1.2,46,0.854,,2180.539773,10/2/2013 0:00,270LP39
10/4/2013 0:00,270N22L,270N307,2.7,0.1,1,21.8,0.8,20.1,0,2,13.1,30.2,,14.6,10.4,31.7,402,78.40100465,6.8,91,1750,93.6,1,78.7,16.8,4.4,,5112,1.09,45.9,0.844,,2164.083807,10/4/2013 0:00,270N79K
4/10/2015 0:00,270R98X,270R99C,3.3,0.1,1,23,0.586,20,0,2,13.7,30,0.34,11.7,10.3,34.3,399,65.06530332,6.7,84,1720,94,1,77.2,19.7,3.1,29,6368,1.04,45.8,0.9,270.1,1824.161932,4/10/2015 0:00,270R9PH
4/15/2015 0:00,270RG8T,270R99C,2.6,0.1,1,24,0.52,21,0,2,13.6,29.7,0.34,11.7,10.4,34.5,402,60.64764493,6.7,74,1540,95,1,75.2,21.2,3.5,28,5800,1.1,46.2,0.9,265.5,1942.798295,4/15/2015 0:00,270RCK8
4/22/2015 0:00,270RG8T,270RGV0,2.8,0.1,1,23,0.594,21,0,2,13.8,29.3,0.37,12.2,11.2,33.4,401,65.39399546,6.8,75,1620,95,1,76.7,19.9,3.2,28,6248,1.14,45.9,0.89,259.3,1860.617898,4/22/2015 0:00,270RGNG
4/29/2015 0:00,270RG8V,270RGV0,2.9,0.1,1,24,0.667,22,0,2,13,27.7,0.39,11.9,12.5,34.9,402,76.5561093,6.7,82,1720,94,1,79.4,17.7,2.8,27,6518,1.06,46.7,0.86,263.9,1873.046875,4/29/2015 0:00,270RGNH
5/6/2015 0:00,270RHGH,270RGV0,2.9,0.1,1,23,0.799,21,0,2,13.4,29.1,0.41,13.5,11.2,32.7,400,72.02445652,6.7,73,1860,95,1,77,20.1,2.7,28,5805,1.08,46.2,0.85,320.4,2232.5,5/6/2015 0:00,270RGNJ
6/20/2015 0:00,270RRP4,270RGH8,2.9,0.1,1,23,0.744,20,0,2,12.2,30,0.2,9.3,14.4,34.1,395,62.60869565,6.7,78,1440,93,1,81.3,13.9,4.5,29,5176,1.08,45.6,0.85,,1993.515625,6/20/2015 0:00,270RT43
6/24/2015 0:00,270RRP4,270RGH8,2.8,0.1,1,22,0.726,20,0,2,13.4,31,0.19,9.3,13.5,32.8,398,63.43326886,6.7,76,1610,93,1,77.9,16.9,5.1,28,5403,1.07,45.7,0.87,,2124.268466,6/24/2015 0:00,270RV85
7/1/2015 0:00,270RRP5,270RGH8,2.8,0.1,1,23,0.558,21,0,2,13.3,31.5,0.23,10.7,11.5,33.1,398,62.84753175,6.7,76,1570,93,1,78.7,16.3,4.7,28,5159,1.07,45.3,0.92,,1818.465909,7/1/2015 0:00,270RW75
7/4/2015 0:00,270RRP5,270RGH8,2.8,0.1,1,22,0.517,20,0,2,13.5,31.1,0.28,11.8,10.4,33.3,398,62.54852877,6.7,80,1460,93,1,79.4,15.9,4.6,29,4838,1.03,45.1,0.95,,1877.5,7/4/2015 0:00,270RW74
7/8/2015 0:00,270RRWJ,270RW9L,2.9,0.1,1,22,0.636,20,0,2,13.4,31.2,0.25,11,11.2,33.1,397,60.90250329,6.7,87,1600,94,1,77.4,17.9,4.5,29,5170,1.13,44.2,0.89,,1949.772727,7/8/2015 0:00,270RW76
7/11/2015 0:00,270RRWJ,270RW9L,2.9,0.1,1,22,0.633,20,0,2,14,32.2,0.3,13,9.4,31.4,404,60.57270204,6.7,79,1510,94,1,75.8,20,4.1,28,5165,1.04,44.5,0.91,,1871.803977,7/11/2015 0:00,270RXCW
7/18/2015 0:00,270RV72,270RW9L,2.8,0.1,1,23,0.604,21,0,2,13.5,32.6,0.33,13.8,8.8,31.4,398,62.84080397,6.6,77,1560,93,1,77.9,16.5,5.4,28,5200,1.08,45.3,0.9,,1898.835227,7/18/2015 0:00,270T0RV
7/22/2015 0:00,270RV72,270RW9L,2.7,0.1,1,22,0.681,20,0,2,14.3,32.2,0.36,14.7,8.2,30.6,399,64.53392622,6.7,84,1700,94,1,78.2,16,5.4,28,5403,1.15,45.3,0.86,,2089.460227,7/22/2015 0:00,270T0T0
7/25/2015 0:00,270T0KG,270T0LJ,2.7,0.1,1,24,0.583,24,0,2,12.8,32.3,0.32,13.3,9.4,32.2,397,60.67887478,6.7,84,1490,93.7,1,76.1,18.1,5.6,28,5382,1.1,45.2,0.88,,1679.211648,7/25/2015 0:00,270T0T2
7/29/2015 0:00,270T0KG,270T0LJ,2.7,0.1,1,22,0.654,23,0,2,14.4,33.4,0.38,15.3,7.6,29.3,402,60.54004124,6.7,84,1530,94,1,75.5,18.8,5.5,27,5080,1.09,44.7,0.87,301.2,1817.727273,7/29/2015 0:00,270T198
8/5/2015 0:00,270T0K6,270T0LJ,2.7,0.1,1,23,0.621,22,0,2,14.7,33.8,0.37,15.5,7.6,28.5,400,60.85842234,6.7,78,1510,93,1,79,15.5,5.3,27,5352,1.1,45.4,0.88,282.2,1952.173295,8/5/2015 0:00,270T23C
8/8/2015 0:00,270T0K8,270T0LK,2.7,0.1,1,21,0.712,22,0,2,15.5,32.3,0.37,14.9,8,29.3,398,64.94197292,6.7,78,1580,94,1,75.4,18.9,5.6,26,5497,1.14,45.7,0.87,287.4,1876.853693,8/8/2015 0:00,270T19C
8/12/2015 0:00,270T0K8,270T0LK,2.5,0.1,1,18,0.687,19,0,2,15.3,31.6,0.35,13.7,9.1,30.3,404,59.01597497,6.7,83,1480,94,1,73.1,21.4,5.2,27,5078,1.13,45.9,0.86,291.4,1915.056818,8/12/2015 0:00,270T241
8/15/2015 0:00,270T0K9,270T0LL,2.7,0.1,1,18,0.776,19,0,2,13.7,32.1,0.36,14.1,9.2,30.9,402,58.13241107,6.7,80,1480,93,1,75.1,20,4.6,27,5047,1.13,45.8,0.86,293.2,1820.518466,8/15/2015 0:00,270T240
8/20/2015 0:00,270T0K9,270T0LL,2.7,0.1,1,23,0.653,21,0,2,15,31,0.34,13.6,9.5,30.9,402,64.3835674,6.7,75,1590,94,1,77.1,17.9,5,28,5707,1.15,45.5,0.88,278.6,2008.181818,8/20/2015 0:00,270T336
8/22/2015 0:00,270T052,270T0LL,2.7,0.1,1,23,0.663,21,0,2,14.8,31,0.32,13.4,9.5,31.2,402,65.5920444,6.7,78,1630,95,1,75.1,20.1,4.6,27,5843,1.14,45.9,0.87,279,1910.213068,8/22/2015 0:00,270T242
8/26/2015 0:00,270T052,270T0LL,2.8,0.1,1,23,0.579,21,0,2.2,15.6,30.4,0.36,13.8,9.5,30.6,399,64.01585233,6.8,76,1590,95,1,71.5,22.5,5.9,27,5610,1.09,45.7,0.87,283.4,1998.728693,8/26/2015 0:00,270T2VL
8/29/2015 0:00,270T0KC,270T0LN,2.6,0.1,1,23,0.588,21,0,2,15.3,29.3,0.34,12.5,11,32,399,62.77899252,6.8,81,1590,94,1,72.7,21.6,5.6,27,5451,1.11,45.6,0.87,291.7,1889.424716,8/29/2015 0:00,270T2VN
9/5/2015 0:00,270T0KC,270T0LN,2.7,0.1,1,22,0.708,20,0,2,14.8,30.1,0.32,12.5,11,31.7,399,60.76086957,6.7,84,1560,93,1,75.9,18.6,5.3,26,5484,1.05,45.2,0.9,284.5,1806.427557,9/5/2015 0:00,270T2VP
9/19/2015 0:00,270T493,270T49W,2.7,0.1,1,22,0.69,20,0,2,14.1,29.8,0.34,11.8,11.9,32.4,406,62.93919771,6.7,85,1560,94,1,72.7,21.4,5.7,27,5745,1.07,45.8,0.91,271.5,1868.075284,9/19/2015 0:00,270T4PH
9/23/2015 0:00,270T491,270T49W,2.9,0.1,1,21,0.7,23,0,2,14.9,29.2,0.4,12.3,11.4,32.3,406,58.21846179,6.7,84,1460,95,1,70.7,24.5,4.7,29,5322,1.13,46.1,0.91,274.3,1874.339489,9/23/2015 0:00,270T6GP
9/26/2015 0:00,270T491,270T49W,2.7,0.1,1,20,0.77,18,0,2,13.1,28.9,0.36,11.1,13,33.8,412,63.0270793,6.7,89,1610,95,1,71.2,23.1,5.6,27,5691,1.12,46.3,0.91,282.9,1808.664773,9/26/2015 0:00,270T6GR
9/30/2015 0:00,270TCT2,270T49W,2.7,0.1,1,19,0.617,18,0,2,14,29.2,0.31,10.8,13,33.1,408,63.74569002,6.7,80,1600,94,1,76.3,19.2,4.4,27,5618,1.1,45.7,0.93,284.8,1808.37358,9/30/2015 0:00,270T6GT
10/3/2015 0:00,270TCT2,270T6V7,2.7,0.1,1,19,0.64,18,0,2,14.2,28.4,0.33,10.8,13,33.7,408,61.41921937,6.7,85,1530,94,1,73.5,22.1,4.3,28,5621,1.1,46,0.91,272.2,1945.383523,10/3/2015 0:00,270T6GV
10/7/2015 0:00,270T490,270T6V7,2.7,0.1,1,22,0.633,20,0,2,14.7,28.7,0.41,12.4,11.6,32.6,407,61.42986292,6.7,71,1510,95,1,69.6,25.2,5.1,28,5630,1.1,46.4,0.9,268.2,1944.090909,10/7/2015 0:00,270T7NN
10/10/2015 0:00,270T490,270T6V7,2.6,0.1,1,20,0.628,18,0,2,14.8,27.7,0.35,11.6,12.5,33.4,412,59.23786898,6.7,80,1490,95,1,72.6,23.7,3.7,29,5538,1.17,46.1,0.91,269.1,1779.034091,10/10/2015 0:00,270T7NP
10/14/2015 0:00,270TGN5,270T6V7,2.8,0.1,1,19,0.683,18,0,2,14.2,28.9,0.29,11.1,12.5,33.3,400,59.80489446,6.7,82,1480,94,1,77.4,17.3,5,29,5285,1.12,45.7,0.95,280,1935.276989,10/14/2015 0:00,270T7NR
10/17/2015 0:00,270TGN5,270T4P7,2.7,0.1,1,20,0.683,22,0,2,14.3,28.5,0.3,11.2,12.7,33.3,407,58.22504941,6.7,88,1710,94,1,76.2,18.4,5.1,29,5555,1.07,46.1,0.91,307.8,1789.794034,10/17/2015 0:00,270T7NT
10/21/2015 0:00,270T492,270T4P7,2.7,0.1,1,21,0.632,19,0,2,12.7,28.7,0.37,11,13.6,34,404,56.72610492,6.7,75,1340,95,1,71.3,22.8,5.6,26,5728,1.12,46.6,0.91,233.9,1530,10/21/2015 0:00,270TGNH
10/24/2015 0:00,270T492,270T4P7,2.8,0.1,1,22,0.622,20,0,2,11.5,28.4,0.32,10.2,14.4,35.6,408,59.22520661,6.8,77,1380,94,1,76,19.1,4.7,28,5247,1.1,46.1,0.89,263,1660.085227,10/24/2015 0:00,270TGNJ
10/28/2015 0:00,270TJ46,270T4P7,2.8,0.2,1,21,0.608,19,0,2,13,27.2,0.28,9.3,14.4,36.1,406,56.57298465,6.7,80,1330,94,1,77.7,16.9,5.2,28,5146,1.1,45.4,0.91,258.5,1707.954545,10/28/2015 0:00,270TGNL
11/2/2016 0:00,270W4GN,270W5VR,2.9,0.1,1,21,0.58,20,0,2,15.4,32.6,0.3,14.8,7.9,29.3,400,65.75318401,6.7,76,1520,94,1,79.5,16.3,4,30,5797,1,45.5,0.94,262.2,1865.274725,11/2/2016 0:00,270W5XK
11/5/2016 0:00,270W4GN,270W5VR,3,0.1,1,22,0.68,20,0,2,15,33.1,0.33,15.7,7.2,29.1,402,70.39224953,6.7,80,1650,94,1,77.2,18.3,4.1,28,5878,1.1,45.4,0.88,280.7,1953.85989,11/5/2016 0:00,270W6KL
11/10/2016 0:00,270W4GP,270W5VR,2.7,0.1,1,22,0.71,20,0,2,14.5,29.6,0.34,13.1,10.9,31.9,401,66.02849144,6.7,79,1580,94,1,73,21.9,4.7,28,5739,1,46.5,0.9,275.3,1934.924451,11/10/2016 0:00,270W70H
11/12/2016 0:00,270W4GP,270W5VR,2.9,0.1,1,23,0.55,20,0,2,13.7,28.2,0.38,12.2,12.3,33.6,402,66.79148095,6.7,81,1630,94,1,74.1,22.4,3.4,29,5346,1,46.7,0.94,304.9,2009.917582,11/12/2016 0:00,270W815
11/16/2016 0:00,270W7WC,270W7WV,3.1,0.1,1,23,0.47,20,0,2,13.5,27.7,0.35,11.4,12.8,34.6,402,62.81893869,6.7,72,1360,94,1,75.1,20.6,4.1,30,5261,1,46.3,0.91,258.5,1943.736264,11/16/2016 0:00,270W816
11/19/2016 0:00,270W7WC,270W7WV,3.1,0.1,1,21,0.53,20,0,2,13.7,30.4,0.23,10.5,11.2,34.1,404,70.30716508,6.7,94,1730,92,1,80.4,15.2,4.2,30,5634,1.1,45.4,0.89,307.1,1995.707418,11/19/2016 0:00,270W904
11/23/2016 0:00,270W7W8,270W7WV,2.9,0.1,1,23,0.5,20,0,2,13.7,31.7,0.22,10.9,11,32.7,404,68.03359684,6.7,77,1700,94,1,80.1,15.4,4.2,30,5475,1.1,45.7,0.88,310.5,2188.186813,11/23/2016 0:00,270W905
11/30/2016 0:00,270W7W8,270W7WV,2.9,0.1,1,23,0.47,20,0,2,13.8,31.1,0.22,10.9,11.2,33,405,66.20195947,6.6,90,1770,93,1,78.7,16.7,4.3,30,5554,1.1,45.7,0.88,318.7,1843.75,11/30/2016 0:00,270W906
12/3/2016 0:00,270W4GR,270W7WX,3,0.1,1,22,0.43,20,0,2,14.9,31.2,0.24,11.4,10.3,32.3,406,68.21575872,6.7,87,1660,93,1,78,15.7,5.9,31,5223,1.2,45.7,0.89,317.8,2018.701923,12/3/2016 0:00,270WC9K
12/7/2016 0:00,270W4GR,270W7WX,2.9,0.1,1,23,0.47,20,0,2,15.2,31.8,0.26,12.7,9,31.3,399,68.83091787,6.7,87,1760,94,1,77.2,19.1,3.5,30,5795,1.2,45.6,0.89,303.7,1995.707418,12/7/2016 0:00,270WC9G
12/15/2016 0:00,270W7W7,270W7WW,2.6,0.1,1,23,0.52,20,0,2,15.8,30.5,0.26,12,8.9,32.9,403,68.30084441,6.8,88,1700,93,1,76.2,18.2,5.4,27,5523,1,45.7,0.93,307.8,1741.263736,12/15/2016 0:00,270WC9L
12/16/2016 0:00,270W7WG,270W7WW,2.7,0.1,1,24,0.52,21,0,2,14.8,31.5,0.29,13.3,8,32.4,401,70.05177006,6.8,85,1730,93,1,75.2,21.2,3.5,28,5597,1.1,45.6,0.89,309.1,1793.097527,12/16/2016 0:00,270WC9N
12/18/2016 0:00,270W7WG,270W7WW,2.8,0.1,1,22,0.52,20,0,2,14.5,31.5,0.3,13.5,8.1,32.4,402,64.14840101,6.8,79,1480,93,1,74.8,21.2,3.7,28,4750,1,46,0.93,311.6,2169.395604,12/18/2016 0:00,270WC9H
12/28/2016 0:00,270WHWT,270W7WW,2.9,0.1,1,22,0.631,26,0,2,14.4,30.8,0.3,13.1,8.8,32.8,407,65.56916996,6.8,79,1590,94,1,74.6,20.7,4.5,30,5600,1,45.8,0.89,283.9,1966.648352,12/28/2016 0:00,270WC9P
1/5/2017 0:00,270WHWT,270WJP3,2.9,0.1,1,22,0.669,20,0,2,14.1,30.9,0.29,12.8,9,33.2,404,78.48023715,6.7,77,1830,94,1,77.2,18,4.5,29,5829,1,45.8,0.88,314,2167.925824,1/5/2017 0:00,270WC9J
1/21/2017 0:00,270WHWV,270WH09,2.7,0.1,1,24,0.5,21,0,2,14.4,30.8,0.31,12.9,8.9,33,398,66.10608864,6.7,83,1630,94,1,76.6,19.9,3.3,27,5055,1,45.7,0.88,322.5,2066.620879,1/21/2017 0:00,270WJC1
1/25/2017 0:00,270WHWV,270WH09,2.7,0.1,1,23,0.49,21,0,2,14.1,29.9,0.3,12.4,9.7,33.9,400,64.38471673,6.6,79,1520,94,1,76.2,18.7,4.9,27,5097,1,45.7,0.88,298.2,1984.230769,1/25/2017 0:00,270WJC2
1/28/2017 0:00,270WJ8T,270WH09,2.8,0.1,1,22,0.5,20,0,2,14.7,30.1,0.33,13.3,9.1,32.7,404,70.53065344,6.6,77,1740,94,1,77.3,18.3,4.2,28,5617,1.1,45.6,0.88,309.8,2063.818681,1/28/2017 0:00,270WJC3
2/1/2017 0:00,270WJ8T,270WH09,2.7,0.1,1,22,0.61,20,0,2,15,30.3,0.32,13,9.2,32.6,405,61.5831758,6.7,85,1570,94,1,76.5,18.7,4.7,28,5076,1.1,45.9,0.85,309.3,1751.387363,2/1/2017 0:00,270WJC4
2/10/2017 0:00,270WLXH,270WJP2,2.8,0.1,1,23,0.59,20,0,2,14.2,28.6,0.29,11.2,11.1,34.9,398,68.23392023,6.6,78,1630,94,1,75.5,18.7,5.5,28,5760,1.1,45.6,0.86,283,1974.107143,2/10/2017 0:00,270WLJG
2/15/2017 0:00,270WL7V,270WJP2,2.7,0.1,1,22,0.65,20,0,2,14.4,28.8,0.31,11.7,10.7,34.4,397,68.12252964,6.7,80,1620,94,1,75.8,19.6,4.4,28,5481,1.1,45.6,0.85,295.5,2066.620879,2/15/2017 0:00,270WLJJ
2/17/2017 0:00,270WL7W,270WJP2,2.8,0.1,1,22,0.67,20,0,2,14.4,29.9,0.3,12.3,10,33.4,400,63.90531019,6.7,81,1560,95,1,76.5,17.6,5.5,29,5429,1,45.3,0.93,287.3,2046.35989,2/17/2017 0:00,270WLJK
2/19/2017 0:00,270WL7W,270WJ8J,2.9,0.1,1,22,0.66,20,0,2,14.4,29.7,0.31,12.2,10.4,33.4,400,62.85444234,6.7,78,1540,94,1,75.5,19.7,4.5,29,5325,1.1,45.4,0.93,289.2,1875.412088,2/19/2017 0:00,270WLJL
2/22/2017 0:00,270WL7X,270WJ8J,2.7,0.1,1,24,0.75,21,0,2,14.1,29.3,0.3,11.5,11.1,34,410,69.84145806,6.7,81,1690,95,1,75.8,19.6,4.3,28,5759,1.1,45.5,0.92,293.5,1813.358516,2/22/2017 0:00,270WLJN
2/25/2017 0:00,270WL7X,270WJ8J,3,0.1,1,24,0.7,21,0,2,14.6,28.4,0.28,10.8,11.8,34.4,409,63.20222547,6.7,78,1530,94,1,74.9,20.7,4.3,30,5254,1.1,46.6,0.86,291.2,1914.663462,2/25/2017 0:00,270WLJP
3/1/2017 0:00,270WLXJ,270WJ8J,2.6,0.1,1,23,0.61,21,0,2,13.9,28.4,0.27,10.4,12.2,35,404,65.13665798,6.7,77,1560,94,1,76.2,18.7,4.9,29,5304,1.1,46.1,0.86,294.1,1901.950549,3/1/2017 0:00,270WLJR
3/4/2017 0:00,270WLXJ,270WJP1,3,0.1,1,22,0.68,20,0,2,13.6,28,0.26,9.8,12.9,35.6,406,70.43478261,6.7,74,1620,94,1,77,18.5,4.4,31,5691,1.1,46.1,0.87,284.7,2138.983516,3/4/2017 0:00,270WLJT
3/8/2017 0:00,270WLXK,270WJP1,2.7,0.1,1,21,0.68,19,0,2,13.7,28,0.26,9.9,12.7,35.8,402,73.3626272,6.7,82,1870,94,1,76.7,19.6,3.5,29,5612,1.1,46.2,0.86,333.2,2049.134615,3/8/2017 0:00,270WLJV
3/11/2017 0:00,270WLXK,270WJP1,2.9,0.1,1,21,0.46,20,0,2,13.7,28.2,0.26,9.8,12.9,35.4,404,67.82479808,6.7,77,1620,94,1,75.3,18.3,6.2,30,5473,1.1,46.3,0.87,296,1833.619505,3/11/2017 0:00,270WTXT
3/15/2017 0:00,270WV0L,270WJP1,2.9,0.1,1,21,0.6,19,0,2,13.7,28.3,0.31,10.4,12.5,35.1,403,68.99777142,6.7,74,1730,94,1,75.5,19.6,4.68,30,5309,1.1,46.2,0.87,325.9,2085.467033,3/15/2017 0:00,270WTXV
3/22/2017 0:00,270WV0N,270WVPL,2.7,0.1,1,22,0.54,20,0,2,13.5,29.7,0.36,12.5,12,32.4,402,60.33596838,6.8,77,1420,94,1,72,21.7,6,28,4716,1.1,47,0.86,301.1,1731.14011,3/22/2017 0:00,270WTXX
3/24/2017 0:00,270WV0N,270WVPL,3,0.1,1,22,0.56,20,0,2,13.8,30.5,0.33,12.2,12.2,31.4,404,62.73285788,6.7,74,1510,94,1,75.1,20,4.7,29,5603,1.1,46.5,0.89,269.5,1793.097527,3/24/2017 0:00,270WTXR
3/26/2017 0:00,270X129,270WVPL,2.9,0.1,1,22,0.63,20,0,2,14,28.8,0.34,10.9,11.8,34.5,401,63.3994243,6.7,78,1530,94,1,75.3,20,4.5,28,5111,1.1,46.2,0.88,299.3,1832.376374,3/26/2017 0:00,270WV00
3/29/2017 0:00,270X129,270X11V,2.7,0.1,1,22,0.44,20,0,2,13.7,28,0.3,10.2,12.6,35.4,398,65.09502985,6.7,77,1670,94,1,75.5,20.3,3.9,27,5395,1.1,46.3,0.88,309.5,1914.663462,3/29/2017 0:00,270WV01
5/31/2017 0:00,270X27K,270X2P2,2.7,0.1,1,22,0.39,25,0,2,13.9,27,0.29,8.9,13.8,36.4,407,76.01932367,6.8,69,1540,95,1,74.9,20.9,4.1,29,5682,1,45.6,0.88,271.1,2146.09375,5/31/2017 0:00,270WX7R
6/7/2017 0:00,270X27K,270X2P2,2.6,0.1,1,22,0.41,26,0,2,12.9,27.7,0.27,9.7,13.3,36.4,409,80.46399725,6.6,71,1640,95,1,76.6,19.4,3.9,28,5869,1.1,46.1,0.86,279.5,2440.87358,6/7/2017 0:00,270WX7T
6/9/2017 0:00,270X12G,270X2P2,2.6,0.1,1,23,0.46,21,0,2,12.6,27.8,0.28,9.7,13.1,36.7,404,70.24102079,6.6,75,1670,95,1,77.1,19.2,3.6,29,5953,1,45.9,0.85,280.5,2313.59375,6/9/2017 0:00,270WX7V
6/14/2017 0:00,270X12G,270X2P2,2.5,0.1,1,23,0.44,21,0,2,12.6,27.9,0.28,10,13.2,36.1,404,74.26204693,6.8,75,1740,94,1,79.2,17.3,3.4,27,6075,1.3,45.9,0.88,286.4,2453.011364,6/14/2017 0:00,270WX7W
6/16/2017 0:00,270X27J,270X11W,2.8,0.1,1,22,0.64,20,0,2,13.1,28.8,0.29,10.6,12.1,35.3,407,71.51572435,6.6,78,1640,94,1,79.5,17.1,3.3,29,6070,1.2,45.9,0.89,270.2,1907.897727,6/16/2017 0:00,270WX7X
6/21/2017 0:00,270X27J,270X11W,2.6,0.1,1,21,0.57,19,0,2,13.5,31.2,0.2,9.8,12.8,32.8,405,69.22046552,6.8,69,1450,93,1,79.7,16.6,3.5,27,5700,1.3,45.5,0.87,254.4,1977.25142,6/21/2017 0:00,270WX80
6/23/2017 0:00,270X83R,270X11W,3.1,0.1,1,22,0.56,20,0,2,13.5,32.2,0.19,9.8,12.2,32.3,407,70.84769994,6.7,76,1660,93,1,78.6,17.8,3.4,29,5846,1.1,45.5,0.85,283.9,2219.375,6/23/2017 0:00,270WX81
6/28/2017 0:00,270X83R,270X11W,2.8,0.1,1,21,0.39,19,0,2,14.2,32.6,0.21,10.7,10.7,31.8,403,72.12808006,6.7,72,1690,93,1,77.8,17.9,4.1,27,5614,1.2,45.6,0.85,301,2313.59375,6/28/2017 0:00,270X7VH
7/1/2017 0:00,270XGX0,270X26N,2.9,0.1,1,21,0.38,18,0,2,14,32.2,0.22,11,10.6,32.2,405,72.38786733,6.6,78,1660,93,1,77.7,18,4.1,28,5531,1.1,44.6,0.86,300.1,2095.170455,7/1/2017 0:00,270X7VJ
7/5/2017 0:00,270XGX0,270X26N,2.7,0.1,1,22,0.33,20,0,2,13.9,29.7,0.31,11.8,10.3,34.3,402,67.59108094,6.6,72,1550,94,1,78.7,17.8,3.3,29,5511,1.1,44.5,0.87,281.3,2292.65625,7/5/2017 0:00,270X7VK
7/7/2017 0:00,270XHJV,270X26N,2.8,0.1,1,22,0.34,19,0,2,14,31.9,0.23,11.1,10.6,32.4,400,70.29706028,6.6,73,1570,93,1,76.7,19,4.1,27,5523,1.1,45.4,0.86,284.3,2199.928977,7/7/2017 0:00,270X7VL
2/7/2018 0:00,2710GCV,2710CJX,2.5,0.1,1,23,0.512,21,0,2,14.2,32.3,0.25,11.9,9.7,31.9,403,70.61028527,6.8,76,1690,94,1,77.5,18.9,3.4,28,5384,1.1,45.4,0.87,313.9,1966.648352,2/7/2018 0:00,2710GT0
2/10/2018 0:00,2710GCV,2710CJX,2.5,0.1,1,24,0.441,22,0,2,14.6,31.8,0.26,12.5,9.4,31.8,404,70.17149758,6.7,69,1390,95,1,75.4,21.2,3.2,28,5340,1,45.5,0.87,260.3,1924.793956,2/10/2018 0:00,2710GT1
2/14/2018 0:00,2710HCG,2710CJX,2.6,0.1,1,22,0.56,20,0,2,14.4,32.1,0.27,12.5,9,31.9,405,71.27290693,6.7,72,1590,94,1,77.5,19.2,3.2,28,5203,1,45.6,0.89,305.6,2126.598011,2/14/2018 0:00,2710GRP
2/17/2018 0:00,2710HCG,2710CJX,2.6,0.1,1,23,0.469,21,0,2,14.7,33.4,0.29,13.9,8.1,29.9,407,65.97277119,6.8,67,1480,94,1,76.7,20.4,2.7,28,4927,1.1,45.6,0.88,300.4,2014.601648,2/17/2018 0:00,2710GRT
2/21/2018 0:00,2710HCH,2710HGC,2.7,0.1,1,23,0.51,21,0,2,15.2,33,0.3,14.6,7.8,29.4,405,73.04209946,6.7,74,1500,93,1,76.2,20.6,3,27,5441,1.1,45.6,0.88,275.7,1853.880495,2/21/2018 0:00,2710GRV
2/24/2018 0:00,2710HCH,2710HGC,2.7,0.1,1,22,0.53,20,0,2,15,32.7,0.29,14.2,8.2,30,405,72.13768116,6.7,71,1650,93,1,76.4,20.2,3.2,28,5529,1,46,0.87,298.4,2086.881868,2/24/2018 0:00,2710GRW
2/28/2018 0:00,2710HCJ,2710HGC,2.6,0.1,1,22,0.53,20,0,2,14.6,32.7,0.32,14.6,8,30.1,405,65.95355731,6.7,83,1540,94,1,76.2,20.8,2.8,28,4961,1,45.7,0.88,310.4,1836.105769,2/28/2018 0:00,2710GRX
3/3/2018 0:00,2710HCJ,2710HGC,2.6,0.1,1,22,0.579,20,0,2,14.8,32.2,0.33,14.5,8.2,30.3,404,62.72457779,6.7,80,1400,94,1,76.6,18.8,4.4,27,4888,1.1,45.8,0.88,286.4,1909.697802,3/3/2018 0:00,2710KJ6
3/7/2018 0:00,2710KC1,2710HGG,2.5,0.1,1,22,0.53,20,0,2,14.7,31.4,0.31,13.4,8.9,31.6,405,65.7758066,6.7,68,1410,94,1,75.3,19.8,4.7,27,5404,1.1,45.6,0.89,260.9,1774.038462,3/7/2018 0:00,2710KJ8
3/10/2018 0:00,2710KC1,2710HGG,2.5,0.1,1,22,0.56,20,0,2,13.4,31.2,0.31,13.1,9.7,32.6,403,61.83480057,6.8,68,1420,94,1,75.1,20.2,4.5,27,5048,1,45.7,0.88,281.3,1913.365385,3/10/2018 0:00,2710KJ9
3/14/2018 0:00,2710LJ5,2710LP8,2.5,0.1,1,22,0.61,20,0,2,13.4,30.5,0.31,12.5,10.2,33.4,405,72.51684333,6.6,75,1630,94,1,75,20.3,4.5,27,5634,1,45.9,0.86,289.3,1905.824176,3/14/2018 0:00,2710KJC
3/21/2018 0:00,2710LJ5,2710LP8,2.6,0.1,1,23,0.61,21,0,2,14,30.7,0.32,12.8,10.3,32.3,400,69.06620553,6.6,77,1540,94,1,74.3,21.3,4.1,27,5586,1,45.7,0.89,275.7,1834.862637,3/21/2018 0:00,2710KJG
3/24/2018 0:00,2710KC2,2710LP8,2.6,0.1,1,23,0.54,21,0,2,14.7,29.8,0.32,12.3,10.8,32.4,404,61.16510959,6.7,75,1420,94,1,73.4,22.2,4.2,28,5081,1,45.8,0.88,279.5,1904.532967,3/24/2018 0:00,2710KJH
3/28/2018 0:00,2710KC2,2710LP8,2.7,0.1,1,23,0.57,21,0,2,14.9,30,0.33,12.7,10.4,32,403,64.18972332,6.8,75,1440,94,1,73.5,21.7,4.6,28,5199,1,45.9,0.88,277,1793.097527,3/28/2018 0:00,2710KJJ
4/4/2018 0:00,2710N7R,2710KH1,2.4,0.1,1,24,0.47,21,0,2,14.3,29.6,0.33,12.2,11.1,32.9,403,68.23751347,6.7,76,1520,94,1,75.5,19.9,4.4,27,5676,1.1,45.7,0.88,267.8,1735.837912,4/4/2018 0:00,2710KJK
4/7/2018 0:00,2710N7R,2710KH1,2.8,0.1,1,22,0.476,20,0,2,14.1,29,0.32,11.6,12,33.3,401,68.70904699,6.7,82,1570,94,1,75.5,20.3,3.9,27,5676,1.1,45.5,0.88,276.6,1813.358516,4/7/2018 0:00,2710KJL
4/11/2018 0:00,2710P6L,2710KH1,2.7,0.1,1,22,0.514,20,0,2,14.4,29.3,0.32,11.8,11.4,33.1,401,67.47215235,6.7,73,1480,94,1,73.8,21.7,4.3,28,5761,1,45.5,0.88,256.9,1822.252747,4/11/2018 0:00,2710NT6
4/14/2018 0:00,2710P6L,2710KH1,2.7,0.1,1,22,0.622,20,0,2,14.6,29.8,0.33,12.2,10.8,32.5,399,68.71541502,6.7,77,1520,94,1,74.9,20.8,4.1,27,5596,1,45.4,0.89,271.6,1905.824176,4/14/2018 0:00,2710NT7
4/18/2018 0:00,2710PWV,2710LP9,2.6,0.1,1,22,0.579,20,0,2,14.5,28.8,0.32,11.1,11.9,33.7,399,60.48778297,6.7,84,1340,94,1,75.1,21.2,3.6,27,5134,0.9,46.4,0.88,261,1804.450549,4/18/2018 0:00,2710NT9
4/21/2018 0:00,2710PWV,2710LP9,2.5,0.1,1,22,0.571,20,0,2,14.9,28.6,0.33,11.1,12.3,33.2,402,63.74396135,6.8,78,1430,95,1,73.2,22.8,3.9,28,5166,1,46.7,0.88,276.8,1794.313187,4/21/2018 0:00,2710NTC
5/2/2018 0:00,2710P6P,2710KH2,2.7,0.1,1,22,0.426,20,0,2,13.8,30.6,0.31,12.4,9.5,33.7,404,65.08124726,6.7,75,1460,94,1,78.2,19.2,2.4,29,5553,1,46,0.9,262.9,1831.133242,5/2/2018 0:00,2710GRR
5/5/2018 0:00,2710P6P,2710KH2,2.6,0.2,1,23,0.421,21,0,2,14.4,28.3,0.35,11.1,12.7,33.6,404,67.4556485,6.8,74,1300,94,1,72.3,24,3.6,27,5596,1,46.9,0.87,232.3,1698.674451,5/5/2018 0:00,2710NTG
5/9/2018 0:00,2710P6N,2710KH2,2.6,0.1,1,23,0.504,21,0,2,14.3,28.9,0.36,11.6,12.1,33.1,405,65.77344592,6.7,74,1460,94,1,72.3,23.8,3.7,27,5378,1,46.8,0.88,271.5,1784.175824,5/9/2018 0:00,2710PRX
5/12/2018 0:00,2710P6N,2710KH2,2.7,0.1,1,23,0.598,21,0,2,13.8,29.4,0.35,11.5,11.6,33.7,407,71.72463768,6.9,70,1470,94,1,72.6,23.7,3.6,28,5549,1.1,46.6,0.89,264.9,1775.240385,5/12/2018 0:00,2710PT0
5/16/2018 0:00,2710PWW,2710W95,2.6,0.1,1,22,0.638,20,0,2,13.5,29.5,0.36,11.6,11.7,33.7,393,70.20750988,6.7,72,1470,94,1,75.8,20.8,3.3,27,5551,1.1,46,0.88,264.8,1793.097527,5/16/2018 0:00,2710PT1
5/19/2018 0:00,2710PWW,2710W95,2.7,0.1,1,22,0.566,20,0,2,14.3,28.6,0.34,11.2,12.5,33.5,400,65.62318841,6.8,72,1320,94,1,71.7,24,4.1,28,5446,1.1,46.6,0.89,242.4,1700.769231,5/19/2018 0:00,2710PT2
5/23/2018 0:00,2710W97,2710W95,2.6,0.1,1,22,0.43,20,0,2,13.6,29.5,0.35,11.5,11.9,33.5,401,66.56036651,6.8,66,1460,94,1,75.9,20.8,3.2,26,5168,1.1,46.3,0.88,282.5,1763.901099,5/23/2018 0:00,2710W74
6/2/2018 0:00,2710W97,2710W95,2.7,0.1,1,22,0.52,20,0,2,13.8,28.6,0.37,11.7,12.3,33.6,407,72.59552042,6.8,72,1520,94,1,74.6,22.7,2.6,28,5954,1,46,0.89,255.3,1752.575549,6/2/2018 0:00,2710W75
6/6/2018 0:00,2710WKH,2710W33,2.8,0.1,1,22,0.59,20,0,2,13.5,29.2,0.36,11.4,11.8,34.1,405,77.52596746,6.8,74,1770,94,1,75.7,21.8,2.4,29,5863,1,45.9,0.9,301.9,1905.824176,6/6/2018 0:00,2710W76
6/9/2018 0:00,2710WKH,2710W33,2.7,0.1,1,22,0.49,20,0,2,12.5,33.2,0.19,9.9,13.6,30.9,406,69.53886693,6.8,73,1560,92,1,85,12.5,2.3,29,5581,1,45.1,0.9,279.5,1956.510989,6/9/2018 0:00,2710W77
6/20/2018 0:00,2710WKJ,2710W33,2.9,0.2,1,22,0.42,20,0,2,12.9,32.5,0.19,10,13.1,31.3,406,61.88348513,6.7,68,1300,92,1,82.6,14.6,2.6,27,5035,1,45.5,0.86,258.2,1742.445055,6/20/2018 0:00,2710W79
6/23/2018 0:00,2710WKJ,2710W34,2.9,0.1,1,22,0.45,20,0,2,13.3,33.1,0.23,11.3,11.7,30.7,405,64.15788318,6.7,81,1550,93,1,82.3,14.9,2.6,27,4355,1.1,45.3,0.86,355.9,1803.228022,6/23/2018 0:00,2710W7C
6/27/2018 0:00,2710WKK,2710W34,2.6,0.2,1,22,0.36,20,0,2,13.2,33,0.24,12.2,11.9,29.7,405,63.34598455,6.7,77,1270,94,1,84,12.6,3.2,29,4879,1.1,45.2,0.88,260.3,1701.923077,6/27/2018 0:00,2710W7G
6/30/2018 0:00,2710WKK,2710W34,2.6,0.1,1,23,0.51,20,0,2,13.7,32.2,0.26,12.6,11.6,29.9,406,64.63548529,6.7,74,1450,94,1,82.2,13.1,4.4,29,5075,1,45.5,0.89,285.7,1680.521978,6/30/2018 0:00,2710W7H
7/7/2018 0:00,2710WP8,2710W34,2.7,0.1,1,22,0.44,20,0,2,13.9,30.9,0.28,11.3,13.4,30.6,403,67.40702479,6.7,73,1380,95,1,74.5,20.4,4.9,30,5538,1.1,46.2,0.85,249.2,1853.880495,7/7/2018 0:00,2710W7J
7/11/2018 0:00,2710WP8,2710W94,2.6,0.1,1,22,0.42,20,0,2,13.5,33,0.24,11.5,10.9,31.1,404,69.62450593,6.7,71,1430,93,1,80.7,15.1,4,31,5462,1.1,45.8,0.88,261.8,2036.229396,7/11/2018 0:00,271135C
7/14/2018 0:00,2710WP9,2710W94,2.6,0.1,1,23,0.46,20,0,2,13.4,32.9,0.25,12,10.6,31.2,405,65.52700922,6.7,80,1470,93,1,81.1,14.6,4.1,28,5261,1.1,45.7,0.88,279.4,1813.358516,7/14/2018 0:00,271135G
7/18/2018 0:00,2710WP9,2710W94,2.6,0.1,1,22,0.43,20,0,2,13.3,32.8,0.28,12.4,10.3,31.2,405,65.7758066,6.7,78,1410,93,1,80.9,14.2,4.8,30,5148,1,45.8,0.88,273.9,1703.076923,7/18/2018 0:00,271135H
7/21/2018 0:00,271136X,2710W93,2.6,0.1,1,23,0.5,20,0,2,13.4,32.8,0.31,13.1,9.8,30.9,405,68.10828201,6.7,75,1460,93,1,81.7,14.5,3.6,29,5409,1,45.4,0.88,269.9,1772.836538,7/21/2018 0:00,271135J
7/25/2018 0:00,271136X,2710W93,2.6,0.1,1,22,0.45,20,0,2,13.3,32.5,0.29,12.6,10.1,31.5,405,61.96091348,6.6,73,1390,93,1,80,15.6,4.2,29,5103,1,45.5,0.88,272.4,1661.401099,7/25/2018 0:00,271135K
2/27/2019 0:00,2711G1N,2711G2G,2.9,0.1,1,22,,19,0,2,14.3,33.4,0.3,14.1,9.1,29,404,73.34593573,6.7,86,1760,93,1,80.4,15.5,3.8,30,6188,1.1,45.3,0.89,284.4,1894.402473,2/27/2019 0:00,2711G8C
3/1/2019 0:00,2711G1N,2711G2G,2.8,0.1,1,22,,20,0,2,14.2,33.4,0.31,14.3,9.1,29,406,70.29706028,6.8,74,1570,93,1,81,15,3.8,29,5395,1.1,45.5,0.87,291,1855.137363,3/1/2019 0:00,2711G88
3/6/2019 0:00,2711G1P,2711H4L,2.7,0.1,1,22,,20,0,2,14.3,34,0.3,14.6,9.3,27.9,404,63.79825078,6.7,77,1500,93,1,81.4,14.4,3.9,28,5415,1.1,45.4,0.88,277,1885.549451,3/6/2019 0:00,2711G89
3/8/2019 0:00,2711G1P,2711H4L,2.9,0.1,1,22,,20,0,2,13.8,34.9,0.3,15.2,9.2,26.8,404,64.54881843,6.7,79,1700,92,1,83.4,13,3.3,30,5722,1.1,45,0.87,297.1,1956.510989,3/8/2019 0:00,2711G8G
3/13/2019 0:00,2711G1R,2711H4L,2.9,0.1,1,23,,20,0,2,13.9,35.1,0.31,15.7,9.1,26.3,407,76.79047087,6.7,77,1810,92,1,83.7,12.7,3.3,30,6423,1,45.3,0.88,281.8,1753.763736,3/13/2019 0:00,2711H3V
3/15/2019 0:00,2711G1R,2711H4L,2.8,0.1,1,23,,20,0,2,13.7,35,0.3,15.1,9.5,26.7,407,68.15260354,6.8,79,1580,93,1,84.2,12.5,3.1,29,5737,1,45.8,0.88,275.4,1895.686813,3/15/2019 0:00,2711H3W
3/20/2019 0:00,2711GTG,2711GXT,2.8,0.1,1,23,,20,0,2,13.9,34.7,0.29,14.6,9.9,26.9,406,66.38731061,6.8,72,1610,93,1,82.2,13.9,3.6,30,5336,1,45.9,0.88,301.7,1936.538462,3/20/2019 0:00,2711H3X
3/22/2019 0:00,2711GTG,2711GXT,2.7,0.1,1,22,,20,0,2,13.7,34.3,0.29,14.1,10.3,27.6,407,66.15297284,6.8,75,1550,93,1,82.9,12.6,4.3,29,5680,1,45.7,0.89,272.9,1865.274725,3/22/2019 0:00,2711H40
3/27/2019 0:00,2711J76,2711GXT,2.9,0.1,1,22,,20,0,2,13.6,34.1,0.3,13.9,10.3,28.2,405,77.52480868,6.8,73,1890,94,1,81.4,15.2,3.2,28,6407,1.1,46,0.88,295,1904.532967,3/27/2019 0:00,2711H41
3/29/2019 0:00,2711J76,2711GXT,2.9,0.1,1,22,,20,0,2,13.3,33.3,0.3,13.3,11.1,29,404,74.85661425,6.8,66,1540,94,1,81.9,14.9,3,28,5951,1,45.4,0.88,258.8,2026.098901,3/29/2019 0:00,2711H42
4/3/2019 0:00,2711GTH,2711G2C,2.9,0.1,1,21,,19,0,2,13.5,33.3,0.31,13.7,11,28.5,403,64.44579934,6.7,73,1510,93,1,81.3,15.5,3,29,5936,1,45.4,0.87,254.4,1743.626374,4/3/2019 0:00,2711H43
4/5/2019 0:00,2711GTH,2711G2C,2.9,0.1,1,22,,20,0,2,13.5,32.8,0.3,13.2,11.5,29,403,69.77143839,6.8,71,1600,94,1,80,16.7,3.1,29,6180,1,45.6,0.87,258.9,2036.229396,4/5/2019 0:00,2711H44
4/9/2019 0:00,2711GXL,2711GV4,2.9,0.1,1,22,,20,0,2,13.4,32.7,0.32,13.4,11.5,28.9,404,69.04279086,6.7,71,1620,95,1,80.2,16.3,3.3,29,5516,1.1,46,0.87,293.7,1825.961538,4/9/2019 0:00,2711H45
4/11/2019 0:00,2711GXL,2711GV4,2.8,0.1,1,22,,20,0,2,12.9,32.8,0.31,13.3,11.8,29.3,405,83.45177025,6.8,72,2020,94,1,82,15.2,2.6,29,6213,1.1,45.8,0.88,325.1,1986.923077,4/11/2019 0:00,2711H46
4/13/2019 0:00,2711JRV,2711GV4,2.9,0.1,1,22,,20,0,2,13.5,31.8,0.3,12.8,12.6,29.3,403,73.55072464,6.8,70,1650,95,1,79.4,17.1,3.3,29,5354,1.1,46,0.89,308.2,2199.807692,4/13/2019 0:00,2711H47
4/16/2019 0:00,2711J77,2711GV4,2.8,0.1,1,22,,20,0,2,13.6,33,0.31,13.2,11.3,28.9,404,82.32844168,6.8,77,2030,95,1,78.1,17.4,4.2,29,6144,1.1,45.9,0.89,330.4,2198.317308,4/16/2019 0:00,2711H48
4/18/2019 0:00,2711J77,2711J7V,2.9,0.1,1,22,,20,0,2,13.3,33,0.28,12.5,11.8,29.4,406,77.24960054,6.8,77,1810,95,1,79,17.2,3.6,29,5628,1.1,45.7,0.89,321.6,2128.846154,4/18/2019 0:00,2711JTG
4/20/2019 0:00,2711K6P,2711J7V,2.9,0.1,1,22,,20,0,2,13.2,32.6,0.28,11.9,12.4,30,404,72.55327376,6.8,78,1750,95,1,79.4,16.8,3.6,29,5345,1.1,45.7,0.88,327.4,2250.494505,4/20/2019 0:00,2711JTH
4/23/2019 0:00,2711K6P,2711J7V,2.9,0.1,1,23,,20,0,2,12.8,32.7,0.24,10.9,12.9,30.6,406,86.02437418,6.7,78,1820,95,1,80.9,15.1,3.8,29,6195,1.1,45.9,0.89,293.8,1842.5,4/23/2019 0:00,2711JTJ
4/25/2019 0:00,2711K6P,2711J7V,2.9,0.1,1,23,,21,0,2,13.2,34.3,0.23,12,11.4,29.2,408,71.48135418,6.8,77,1770,95,1,82.9,13.9,3,30,5284,1.1,45.7,0.86,335,1933.612637,4/25/2019 0:00,2711JTK
4/27/2019 0:00,2711JRW,2711KJN,2.8,0.1,1,23,,20,0,2,13.2,32.9,0.24,11.7,12.1,30,402,71.70128669,6.8,79,1680,95,1,81.1,15.5,3.2,30,5301,1.1,45.7,0.87,316.9,2097.012363,4/27/2019 0:00,2711K0W
4/30/2019 0:00,2711KJ4,2711KJN,2.8,0.1,1,23,,20,0,2,13.3,32.8,0.24,11.5,12.1,30.3,403,81.54536862,6.8,73,1870,95,1,79.1,16.9,3.7,30,5831,1.1,45.9,0.86,320.7,2098.434066,4/30/2019 0:00,2711KG8
5/2/2019 0:00,2711KJ4,2711KJN,2.7,0.1,1,22,,20,0,2,13.2,33.3,0.24,11.4,11.9,30.2,401,78.37046353,6.8,72,1810,95,1,80.4,16.1,3.3,29,5733,1.1,45.8,0.86,315.7,1796.744505,5/2/2019 0:00,2711KG9
5/4/2019 0:00,2711K6R,2711KJN,2.8,0.1,1,22,,20,0,2,13.2,33,0.24,11.4,12.1,30.3,405,82.46596399,6.8,73,1850,95,1,79.3,17.1,3.2,30,6148,1.2,45.8,0.87,300.9,1947.692308,5/4/2019 0:00,2711KGC
5/7/2019 0:00,2711K6R,2711KJP,2.8,0.1,1,22,,20,0,2,14.4,33.8,0.27,13.2,9.5,29.1,408,77.07888319,6.7,75,2030,94,1,76.4,19.7,3.5,29,5265,1.1,46.1,0.87,385.6,2330.013736,5/7/2019 0:00,2711KGG
5/9/2019 0:00,2711K6T,2711KJP,2.8,0.1,1,22,,20,0,2,14.1,32.9,0.28,13.3,9.9,29.8,409,80.66394752,6.8,76,1890,95,1,77.1,19.3,3.2,30,5727,1.1,45.8,0.86,330,2147.664835,5/9/2019 0:00,2711KGH
5/11/2019 0:00,2711K6T,2711KJP,2.8,0.1,1,23,,20,0,2,14.4,33.6,0.28,14.4,9.1,28.6,407,74.50971323,6.8,77,1780,95,1,78.2,17.5,3.9,29,5605,1,45.8,0.88,317.6,2084.052198,5/11/2019 0:00,2711KGJ
10/18/2019 0:00,2711WGV,2711WJT,2.8,0.1,1,22,,20,0,2,14.3,35.7,0.3,16,8,25.9,400,68.32520394,6.8,74,1670,94,1,80.1,16.8,2.8,30,5361,1.1,45.9,0.88,311.5,2220.880682,10/18/2019 0:00,2711W0J
10/23/2019 0:00,2711WGV,2711WJT,2.8,0.1,1,22,,20,0,2,15,36.1,0.3,16.6,7.6,24.7,405,70.62484232,6.7,75,1700,94,1,78.4,18.3,3.1,27,5301,1.1,45.7,0.9,320.7,2159.488636,10/23/2019 0:00,2711W0C
10/25/2019 0:00,2711X34,2711WJT,2.7,0.1,1,22,,20,0,2,14.6,36,0.32,16.8,7.7,24.9,401,73.10496267,6.8,74,1640,95,1,79.9,17.2,2.7,28,5366,1.1,45.9,0.86,305.6,2084.694602,10/25/2019 0:00,2711W0G
10/30/2019 0:00,2711X34,2711WJT,2.7,0.1,1,22,,20,0,2,14.4,35.7,0.34,16.2,8.2,25.5,401,74.50592885,6.8,78,1560,95,1,78.6,18,3.1,29,5023,1.1,46.3,0.86,310.6,2190.9375,10/30/2019 0:00,2711W0H
11/1/2019 0:00,2711WGP,2711X40,2.6,0.1,1,22,,20,0,2,14.1,35.7,0.37,16,8.3,25.8,403,76.74858223,6.8,73,1760,94,1,79,18.3,2.5,28,5502,1.1,46.1,0.89,319.9,2204.403409,11/1/2019 0:00,2711W0K
11/6/2019 0:00,2711WGP,2711X40,2.6,0.1,1,22,,20,0,2,14.4,35.3,0.37,15.7,8.6,26,400,71.96947738,6.8,79,1790,94,1,78.2,18,3.6,27,5095,1.1,44.9,0.9,351.3,2052.485795,11/6/2019 0:00,2711W0L
11/8/2019 0:00,2711WGR,2711X40,2.6,0.1,1,22,,20,0,2,14.2,34.4,0.36,15.1,9.6,26.6,405,76.22184943,6.8,80,1790,94,1,77.9,19.5,2.4,27,5271,1.1,44.8,0.93,339.6,2075.625,11/8/2019 0:00,2711W0N
11/13/2019 0:00,2711WGR,2711X40,2.6,0.1,1,22,,20,0,2,13.9,34.1,0.36,14.4,10.2,27.3,407,81.01263104,6.8,78,1950,95,1,77.8,19.7,2.2,29,5589,1.1,46.1,0.92,348.9,2295.767045,11/13/2019 0:00,2711W0P
11/15/2019 0:00,2711X35,2711WJR,2.5,0.1,1,22,,20,0,2,14.4,33.9,0.34,14.1,10.3,27.3,402,72.64048806,6.8,80,1820,95,1,76.9,19,3.9,28,5457,1.1,46.1,0.89,333.5,2139.971591,11/15/2019 0:00,2711W0R
11/19/2019 0:00,2711X35,2711WJR,2.6,0.1,1,21,,19,0,2,13.9,32.4,0.32,12.7,12.5,28.5,403,73.26001031,6.8,72,1680,95,1,76.9,19,3.7,29,5503,1.1,46.8,0.91,305.3,2050.482955,11/19/2019 0:00,2711W0T
11/21/2019 0:00,2711WGT,2711WJR,2.7,0.1,1,21,,19,0,2,13.7,31.7,0.32,12.2,13.4,29.1,406,71.7768595,6.8,66,1380,95,1,76.1,19.5,4.1,28,4975,1,46,0.89,277.4,2081.867898,11/21/2019 0:00,2711W0V
11/23/2019 0:00,2711WGT,2711WJV,2.6,0.1,1,22,,20,0,2,13.6,31.3,0.32,11.7,13.7,29.6,402,69.47035573,6.8,76,1560,95,1,76.1,19.9,3.7,28,5514,1,46.3,0.9,282.9,2021.839489,11/23/2019 0:00,2711W0W
11/27/2019 0:00,2711X36,2711WJV,2.7,0.1,1,23,,21,0,2,13.7,31,0.31,11.6,13.8,29.9,402,77.01001031,6.8,81,1830,95,1,75.8,20.2,3.8,28,5406,1,46.3,0.9,338.5,2282.1875,11/27/2019 0:00,2711W0X
12/3/2019 0:00,2711X36,2711WJV,,0.1,1,23,,21,0,2,13.5,32.1,0.3,12,12.8,29.6,393,73.10496267,6.7,74,1640,95,1,75.5,20.1,4.1,,5779,1,46.3,0.91,283.8,2116.122159,12/3/2019 0:00,2711W10
12/5/2019 0:00,2711X91,2711WJV,2.5,0.1,1,21,,19,0,2,13.2,30.8,0.31,11.6,14.3,30,396,70.50352294,6.7,71,1460,94,1,76.9,19.2,3.7,29,5503,1,46.2,0.89,265.3,2095.170455,12/5/2019 0:00,2711W11
12/7/2019 0:00,2711X91,2711X41,2.7,0.1,1,22,,20,0,2,14.2,30.6,0.32,11.8,13.8,29.5,397,70.84769994,6.8,81,1660,95,1,73,21.8,4.7,28,5574,1,47.5,0.9,297.8,2114.6875,12/7/2019 0:00,2711W12
12/10/2019 0:00,2711X92,2711X41,2.6,0.1,1,22,,20,0,2,13.3,31.5,0.29,11.5,13.7,29.9,393,70.68511199,6.8,75,1480,95,1,77.7,18,4,27,5522,1,46.2,0.9,268,2032.315341,12/10/2019 0:00,2711W13
12/12/2019 0:00,2711X92,2711X41,2.6,0.1,1,21,,19,0,2,13.2,34.6,0.21,11.5,12.8,28,396,73.10496267,6.8,72,1640,94,1,81.4,14.7,3.5,28,5389,1,45.7,0.9,304.3,2100.852273,12/12/2019 0:00,2711W14
12/14/2019 0:00,27120K2,27120V6,2.6,0.1,1,21,,19,0,2,12.5,34.6,0.21,11.3,12.9,28.7,395,69.3353669,6.8,74,1590,93,1,83,13.2,3.5,28,4984,1,45.4,0.9,319,2096.590909,12/14/2019 0:00,2711W15
12/17/2019 0:00,27120K2,27120V6,2.6,0.1,1,21,,19,0,2,13.8,35.7,0.27,13.7,10.2,26.6,396,72.6592007,6.8,75,1630,94,1,83.1,13.5,3.2,29,5009,1,45.4,0.9,325.4,2062.34375,12/17/2019 0:00,2711W16
12/19/2019 0:00,27120K3,27120V6,2.6,0.1,1,22,,20,0,2,14,35.1,0.28,14.1,10.1,26.8,400,65.72617946,6.8,69,1540,94,1,81.2,15.4,3.2,29,4674,1.1,45.5,0.89,329.5,2168.50142,12/19/2019 0:00,2711W17
12/21/2019 0:00,27120K3,27120V6,2.6,0.1,1,22,,20,0,2,14.3,35.2,0.28,14.2,9.9,26.5,400,68.89929541,6.8,70,1580,94,1,81.4,14.8,3.5,29,5157,1.1,45.5,0.91,306.4,2053.267045,12/21/2019 0:00,2712017
